Variablenavn,Indhold,Beskrivelse,Værdier,Kilde,Kendte databrud,Indsamlingsperiode
Tabel: 't_lfoed',Levendeføde,,,,,1973 - 1996
v_mcpr,Moderens CPR nummer,Moderens CPR nummer,Angives med alle 10 cifre (dd-mm-åå-lbnr.),Skemaindberetning til Sundhedsstyrelsen,Ikke oplyst,1973 - 1996
k_bcpr,Barnets CPR nummer,Barnets CPR nummer,Angives med alle 10 cifre (dd-mm-åå-lbnr.),Skemaindberetning til Sundhedsstyrelsen,Ikke oplyst,1973 - 1996
v_fcpr,Faderens CPR nummer,Faderens CPR nummer,Angives med alle 10 cifre (dd-mm-åå-lbnr.),Skemaindberetning til Sundhedsstyrelsen,Ikke oplyst,1991 - 1996
c_bopkom,Moderens bopælskommune,Moderens bopælskommune,"3 cifret kommunekode.
Link til generelt kodeark:
http://www.esundhed.dk/dokumentation/Registre/Documents/GenereltKodeark.pdf",Skemaindberetning til Sundhedsstyrelsen,Ikke oplyst,1973 - 1996
c_fodekom,Fødselskommune,Fødselskommune,"3 cifret kommunekode.
Link til generelt kodeark:
http://www.esundhed.dk/dokumentation/Registre/Documents/GenereltKodeark.pdf",Skemaindberetning til Sundhedsstyrelsen,Ikke oplyst,1978 - 1996
c_bopamt,Moderens bopælsamt,Moderens bopælsamt,"2 cifret amtskode.
Link til generelt kodeark:
http://www.esundhed.dk/dokumentation/Registre/Documents/GenereltKodeark.pdf",Skemaindberetning til Sundhedsstyrelsen,Ikke oplyst,1991 - 1996
c_fodeamt,Fødselsamt,Fødselsamt,"2 cifret amtskode.
Link til generelt kodeark:
http://www.esundhed.dk/dokumentation/Registre/Documents/GenereltKodeark.pdf",Skemaindberetning til Sundhedsstyrelsen,Ikke oplyst,1978 - 1996
c_fosterpr,Fosterpræsentation,Fosterpræsentation,"1: regelmæssig baghoved
2: uregelmæssig baghoved 
4: pande stilling 
6: tvaerleje 
9: anden
3: forisse stilling 
5: ansigtsstilling 
7: underkrop
02: baghovedpræsentation, uregelmæssig  
05: sædepræsentation 
07: sæde-fod-præsentation, ufuldstændig 
08: fodpræsentation, fuldstændig
10: ander underkropspræsentation
11: tværleje 
12: anden
13: uspecificeret underkropsstilling
16: uspecificeret hovedstilling
01: baghovedpræsentation, regelmæssig
03: forisse/pandepræsentation 
04: ansigtspræsentation 
06: sæde-fod-præsentation, fuldstændig
09: fodpræsentation, ufuldstændig 
14: anden fosterstilling
99: uoplyst 
05: ren sædepræsentation 
08: høj lige stand 
09: uspecificeret hovedstilling 
00: baghovedpræsentation, regelmæssig
01: baghovedpræsentation, uregelmæssig
02: dyb tværstand 
03: forisse/pandepræsentation
04: ansigtspræsentation 
06: anden underkropspræsentation 
07: tværleje / skråleje 
10: uspecificeret underkropsstilling
99: uoplyst 
",Skemaindberetning til Sundhedsstyrelsen,Ikke oplyst,1978 - 1996
c_indgreb1,Kunsthjælp ved fødslen - Før fødslen,Kunsthjælp ved fødslen - Før fødslen,"00: Fødslen er fuldendt uden kunsthjælp
01: Igangsættelse
09: uoplyst
10: ?
11: Der er brugt vefremmende midler
99: uoplyst ",Skemaindberetning til Sundhedsstyrelsen,Ikke oplyst,1973 - 1977
c_indgreb2,Kunsthjælp ved fødslen - Under fødslen,Kunsthjælp ved fødslen - Under fødslen,"0: Ingen indgreb under fødslen
1: sectio     
2: tang     
3: vacuum extr.    
4: vending og/eller fremtrækning
5: anden kunsthjælp 
9: uoplyst",Skemaindberetning til Sundhedsstyrelsen,Ikke oplyst,1973 - 1977
v_langde,Barnets længde i cm.,Barnets længde i cm.,Heltal,Skemaindberetning til Sundhedsstyrelsen,Ikke oplyst,1973 - 1996
c_fuldb,Fuldbyrdet,Fuldbyrdet,"00: ja
01: 1 uge for tidligt
02: 2 uger for tidligt 
03: 3 uger for tidligt 
04: 4 uger for tidligt 
05: 5-6 uger for tidligt 
06: 7-8 uger for tidligt 
07: 9-11 uger for tidligt 
08: 12 eller flere uger for tidligt 
09: ej fuldbårent 
99: uoplyst",Skemaindberetning til Sundhedsstyrelsen,Ikke oplyst,1973 - 1977
v_vagt,Barnets vægt i gram,Barnets vægt i gram,Heltal,Skemaindberetning til Sundhedsstyrelsen,Ikke oplyst,1973 - 1996
v_antal,Antal børn i fødslen udover dette,Antal børn i fødslen udover dette,Heltal,Skemaindberetning til Sundhedsstyrelsen,Ikke oplyst,1973 - 1977
c_fodested,Fødestedstype,Fødestedstype,"2: sygehus, anden afdeling                                                                                                                               
4: anden klinik                                                                                                                                          
6: andetsteds                                                                                                                                            
7: hjemmefødsel, planlagt                                                                                                                                
0: gyn,- obst. Afdeling                                                                                                                                  
2: ABC afsnit                                                                                                                                            
4: hjem, ikke planlagt                                                                                                                                   
5: andet sted                                                                                                                                            
6: uoplyst                                                                                                                                               
1: sygehus, fødeafdeling                                                                                                                                 
3: fødeklinik                                                                                                                                            
5: hjemmefødsel                                                                                                                                           
9: uoplyst                                                                                                                                               
8: hjemmefødsel, uplanlagt                                                                                                                               
1: anden sygehusafdeling                                                                                                                                 
3: hjem, planlagt                                                                                                                                        ",Skemaindberetning til Sundhedsstyrelsen,Ikke oplyst,1973 - 1996
c_civstd,Moderens civilstand ved fødsel,Moderens civilstand ved fødsel,"1: gift                                                                                                                                                  
4: faktisk adskilt                                                                                                                                       
6: skilt                                                                                                                                                 
8: enke                                                                                                                                                  
2: samlevende                                                                                                                                            
5: separeret                                                                                                                                             
7: ugift                                                                                                                                                 
9: uoplyst                                                                                                                                               
F: farskilt                                                                                                                                              
O: opløst partnerskab                                                                                                                                    
U: ugift                                                                                                                                                 
E: enke                                                                                                                                                  
G: gift                                                                                                                                                  
L: længstlevende i partnerskab                                                                                                                           
P: registreret partnerskab                                                                                                                               ",Skemaindberetning til Sundhedsstyrelsen,Ikke oplyst,1973 - 1996
v_misant,Antal misdannelser hos barnet,Antal misdannelser hos barnet,Heltal,Skemaindberetning til Sundhedsstyrelsen,Ikke oplyst,1973 - 1977
v_falder,Faderens alder (på fødselstidspunkt),Faderens alder (på fødselstidspunkt),Heltal,Skemaindberetning til Sundhedsstyrelsen,Ikke oplyst,1973 - 1996
v_malder,Moderens alder (på fødselstidspunkt),Moderens alder (på fødselstidspunkt),Heltal,Skemaindberetning til Sundhedsstyrelsen,Ikke oplyst,1973 - 1996
v_grav,Antal tidligere graviditeter,Antal tidligere graviditeter,Heltal,Skemaindberetning til Sundhedsstyrelsen,Ikke oplyst,1973 - 1990
v_tidllev,Antal tidligere levendefødte,Antal tidligere levendefødte,Heltal,Skemaindberetning til Sundhedsstyrelsen,Ikke oplyst,1973 - 1996
c_indgrfor,Indgreb før fødsel,Indgreb før fødsel,"00: ingen indgreb                                                                                                                                         
01: udvendig vending                                                                                                                                      
02: medicinsk igangsætning                                                                                                                                
03: udvendig vendig og medicinsk igangsætning                                                                                                             
04: hindesprængning                                                                                                                                       
05: ?                                                                                                                                                     
06: medicinsk igangsætning og hindesprængning                                                                                                             
07: ?                                                                                                                                                     
08: anden behandling                                                                                                                                      
09: ?                                                                                                                                                     
10: ?                                                                                                                                                     
11: ?                                                                                                                                                     
12: ?                                                                                                                                                     
13: ?                                                                                                                                                     
14: ?                                                                                                                                                     
99: uoplyst                                                                                                                                               ",Skemaindberetning til Sundhedsstyrelsen,Ikke oplyst,1978 - 1990
v_svlangde,Svangerskabslængde i uger,Svangerskabslængde i uger,Heltal,Skemaindberetning til Sundhedsstyrelsen,Ikke oplyst,1978 - 1996
c_apgar,Indikation af Apgar score måling,Indikation af Apgar score måling,"0: uoplyst                                                                                                                                               
1: oplyst                                                                                                                                                
9: ukendt                                                                                                                                                ",Skemaindberetning til Sundhedsstyrelsen,Ikke oplyst,1978 - 1990
v_apgar1,Apgar efter 1 minut,Apgar efter 1 minut,Heltal,Skemaindberetning til Sundhedsstyrelsen,Ikke oplyst,1978 - 1996
v_apgar5,Apgar efter 5 minutter,Apgar efter 5 minutter,Heltal,Skemaindberetning til Sundhedsstyrelsen,Ikke oplyst,1978 - 1996
c_fodsforl,Fødselsforløb,Fødselsforløb,"0: normal                                                                                                                                                
1: kompliceret                                                                                                                                           
9: uoplyst                                                                                                                                               ",Skemaindberetning til Sundhedsstyrelsen,Ikke oplyst,1978 - 1990
c_indgrund,Indgreb under fødslen,Indgreb under fødslen,"0: ingen                                                                                                                                                 
1: indgreb                                                                                                                                               
9: ukendt                                                                                                                                                ",Skemaindberetning til Sundhedsstyrelsen,Ikke oplyst,1978 - 1990
c_misdan,Misdannelsestilkendegivelse,Misdannelsestilkendegivelse,"1: ja                                                                                                                                                    
2: nej                                                                                                                                                   
0: uoplyst",Skemaindberetning til Sundhedsstyrelsen,Ikke oplyst,1978 - 1996
c_plac,Barnets placering i flerfoldsfødsel,Barnets placering i flerfoldsfødsel,"0: enkeltfødt                                                                                                                                            
1: 1. Tvilling                                                                                                                                           
2: 2. Tvilling                                                                                                                                           
3: 1. Trilling                                                                                                                                           
4: 2. Trilling                                                                                                                                           
5: 3. Trilling                                                                                                                                           
6: 1. Firling                                                                                                                                            
7: 2. Firling                                                                                                                                            
8: 3. Firling                                                                                                                                            
9: 4. Firling                                                                                                                                            ",Skemaindberetning til Sundhedsstyrelsen,Ikke oplyst,1978 - 1996
v_tidldod,Tidligere dødfødte,Tidligere dødfødte,Heltal,Skemaindberetning til Sundhedsstyrelsen,Ikke oplyst,1978 - 1996
v_pabort,Tidligere spontane aborter,Tidligere spontane aborter,Heltal,Skemaindberetning til Sundhedsstyrelsen,Ikke oplyst,1978 - 1996
v_sabort,Tidligere provokerede aborter,Tidligere provokerede aborter,Heltal,Skemaindberetning til Sundhedsstyrelsen,Ikke oplyst,1978 - 1996
c_sghnr,Sygehusnummer,Sygehusnummer,Ikke oplyst,Skemaindberetning til Sundhedsstyrelsen,Ikke oplyst,1978 - 1996
b_i1,"Indgreb 1, vestimulation","Indgreb 1, vestimulation","1: Ja
0: Nej",Skemaindberetning til Sundhedsstyrelsen,Ikke oplyst,1978 - 1990
b_i2,"Indgreb 2, hindepunktur","Indgreb 2, hindepunktur","1: Ja
0: Nej",Skemaindberetning til Sundhedsstyrelsen,Ikke oplyst,1978 - 1990
b_i3,"Indgreb 3, hindesprængning","Indgreb 3, hindesprængning","1: Ja
0: Nej",Skemaindberetning til Sundhedsstyrelsen,Ikke oplyst,1978 - 1990
b_i4,"Indgreb 4, Episiotomia","Indgreb 4, Episiotomia","1: Ja
0: Nej",Skemaindberetning til Sundhedsstyrelsen,Ikke oplyst,1978 - 1990
b_i5,"Indgreb 5, fremhjælpning","Indgreb 5, fremhjælpning","1: Ja
0: Nej",Skemaindberetning til Sundhedsstyrelsen,Ikke oplyst,1978 - 1990
b_i6,"Indgreb 6, vacuumekstarktion","Indgreb 6, vacuumekstarktion","1: Ja
0: Nej",Skemaindberetning til Sundhedsstyrelsen,Ikke oplyst,1978 - 1990
b_i7,"Indgreb 7, tangforløsning","Indgreb 7, tangforløsning","1: Ja
0: Nej",Skemaindberetning til Sundhedsstyrelsen,Ikke oplyst,1978 - 1990
b_i8,"Indgreb 8, fremtrækning","Indgreb 8, fremtrækning","1: Ja
0: Nej",Skemaindberetning til Sundhedsstyrelsen,Ikke oplyst,1978 - 1990
b_i9,"Indgreb 9, planlagt sectio","Indgreb 9, planlagt sectio","1: Ja
0: Nej",Skemaindberetning til Sundhedsstyrelsen,Ikke oplyst,1978 - 1990
b_i10,"Indgreb 10, andre indgreb","Indgreb 10, andre indgreb","1: Ja
0: Nej",Skemaindberetning til Sundhedsstyrelsen,Ikke oplyst,1978 - 1990
b_i11,"Indgreb 11, sectio","Indgreb 11, sectio","1: Ja
0: Nej",Skemaindberetning til Sundhedsstyrelsen,Ikke oplyst,1978 - 1990
b_i12,"Indgreb 12, acut sectio","Indgreb 12, acut sectio","1: Ja
0: Nej",Skemaindberetning til Sundhedsstyrelsen,Ikke oplyst,1978 - 1990
b_k1,"Komplikation 1, forliggende moderkage","Komplikation 1, forliggende moderkage","1: Ja
0: Nej",Skemaindberetning til Sundhedsstyrelsen,Ikke oplyst,1978 - 1990
b_k2,"Komplikation 2, fastsiddende moderkage","Komplikation 2, fastsiddende moderkage","1: Ja
0: Nej",Skemaindberetning til Sundhedsstyrelsen,Ikke oplyst,1978 - 1990
b_k3,"Komplikation 3, præmatur løsning","Komplikation 3, præmatur løsning","1: Ja
0: Nej",Skemaindberetning til Sundhedsstyrelsen,Ikke oplyst,1978 - 1990
b_k4,"Komplikation 4, blødning af anden årsag","Komplikation 4, blødning af anden årsag","1: Ja
0: Nej",Skemaindberetning til Sundhedsstyrelsen,Ikke oplyst,1978 - 1990
b_k5,"Komplikation 5, abnormt bækken eller misforhold mellem bækken og foster","Komplikation 5, abnormt bækken eller misforhold mellem bækken og foster","1: Ja
0: Nej",Skemaindberetning til Sundhedsstyrelsen,Ikke oplyst,1978 - 1990
b_k6,"Komplikation 6, abnorm fosterstilling","Komplikation 6, abnorm fosterstilling","1: Ja
0: Nej",Skemaindberetning til Sundhedsstyrelsen,Ikke oplyst,1978 - 1990
b_k7,"Komplikation 7, langvarig fødsel af anden årsag","Komplikation 7, langvarig fødsel af anden årsag","1: Ja
0: Nej",Skemaindberetning til Sundhedsstyrelsen,Ikke oplyst,1978 - 1990
b_k8,"Komplikation 8, navesnorskomplikation","Komplikation 8, navesnorskomplikation","1: Ja
0: Nej",Skemaindberetning til Sundhedsstyrelsen,Ikke oplyst,1978 - 1990
b_k9,"Komplikation 9, hydramnios","Komplikation 9, hydramnios","1: Ja
0: Nej",Skemaindberetning til Sundhedsstyrelsen,Ikke oplyst,1978 - 1990
b_k10,"Komplikation 10, svangerskabsforgiftning eller truende fødekrampe","Komplikation 10, svangerskabsforgiftning eller truende fødekrampe","1: Ja
0: Nej",Skemaindberetning til Sundhedsstyrelsen,Ikke oplyst,1978 - 1990
b_k11,"Komplikation 11, truende fosterdød","Komplikation 11, truende fosterdød","1: Ja
0: Nej",Skemaindberetning til Sundhedsstyrelsen,Ikke oplyst,1978 - 1990
b_k12,"Komplikation 12, bristning","Komplikation 12, bristning","1: Ja
0: Nej",Skemaindberetning til Sundhedsstyrelsen,Ikke oplyst,1978 - 1990
b_k13,"Komplikation 13, sygdom hos moderen","Komplikation 13, sygdom hos moderen","1: Ja
0: Nej",Skemaindberetning til Sundhedsstyrelsen,Ikke oplyst,1978 - 1990
b_k14,"Komplikation 14, andre komplikationer","Komplikation 14, andre komplikationer","1: Ja
0: Nej",Skemaindberetning til Sundhedsstyrelsen,Ikke oplyst,1978 - 1990
b_k15,"Komplikation15, placentainsufficiens","Komplikation15, placentainsufficiens","1: Ja
0: Nej",Skemaindberetning til Sundhedsstyrelsen,Ikke oplyst,1978 - 1990
v_u1,Antal undersøgelser hos jordemoder,Antal undersøgelser hos jordemoder,Heltal,Skemaindberetning til Sundhedsstyrelsen,Ikke oplyst,1978 - 1996
v_u2,Antal undersøgelser hos egen læge,Antal undersøgelser hos egen læge,Heltal,Skemaindberetning til Sundhedsstyrelsen,Ikke oplyst,1978 - 1996
v_u3,Antal undersøgelser hos speciallæge,Antal undersøgelser hos speciallæge,Heltal,Skemaindberetning til Sundhedsstyrelsen,Ikke oplyst,1978 - 1996
v_u4,Antal undersøgelser på kirurgisk afdeling,Antal undersøgelser på kirurgisk afdeling,Heltal,Skemaindberetning til Sundhedsstyrelsen,Ikke oplyst,1978 - 1996
v_u5,Antal undersøgelser på specialafdeling,Antal undersøgelser på specialafdeling,Heltal,Skemaindberetning til Sundhedsstyrelsen,Ikke oplyst,1978 - 1996
t_klokke,Klokkeslæt for fødsel,Klokkeslæt for fødsel,Heltal,Skemaindberetning til Sundhedsstyrelsen,Ikke oplyst,1991 - 1996
v_udsktim,Antal timer fra fødsel til udskrivning,Antal timer fra fødsel til udskrivning,Heltal,Skemaindberetning til Sundhedsstyrelsen,Ikke oplyst,1991 - 1996
v_udskdag,Antal dage fra fødsel til udskrivning,Antal dage fra fødsel til udskrivning,Heltal,Skemaindberetning til Sundhedsstyrelsen,Ikke oplyst,1991 - 1996
d_foddto,FødselsGyldig dato (DDMMYYYY),FødselsGyldig dato (DDMMYYYY),Gyldig dato (DDMMYYYY),Skemaindberetning til Sundhedsstyrelsen,Ikke oplyst,1991 - 1996
d_termin,TerminsGyldig dato (DDMMYYYY),TerminsGyldig dato (DDMMYYYY),Gyldig dato (DDMMYYYY),Skemaindberetning til Sundhedsstyrelsen,Ikke oplyst,1991 - 1996
d_sm,Gyldig dato (DDMMYYYY) for sidste menstruation,Gyldig dato (DDMMYYYY) for sidste menstruation,Gyldig dato (DDMMYYYY),Skemaindberetning til Sundhedsstyrelsen,Ikke oplyst,1991 - 1996
b_d1,"Diagnosticering 1, ultralydsscanning","Diagnosticering 1, ultralydsscanning","1: Ja
0: Nej",Skemaindberetning til Sundhedsstyrelsen,Ikke oplyst,1991 - 1996
b_d2,"Diagnosticering 2, chorion villusbiopsi","Diagnosticering 2, chorion villusbiopsi","1: Ja
0: Nej",Skemaindberetning til Sundhedsstyrelsen,Ikke oplyst,1991 - 1996
b_d3,"Diagnosticering 3, serum AFP","Diagnosticering 3, serum AFP","1: Ja
0: Nej",Skemaindberetning til Sundhedsstyrelsen,Ikke oplyst,1991 - 1996
b_d4,"Diagnosticering 4, amniocentese","Diagnosticering 4, amniocentese","1: Ja
0: Nej",Skemaindberetning til Sundhedsstyrelsen,Ikke oplyst,1991 - 1996
b_d5,"Diagnosticering 5, CTG i svangerskab","Diagnosticering 5, CTG i svangerskab","1: Ja
0: Nej",Skemaindberetning til Sundhedsstyrelsen,Ikke oplyst,1991 - 1996
b_fshjaelp,Fødselshjælp,Fødselshjælp,"1: Ja
0: Nej",Skemaindberetning til Sundhedsstyrelsen,Ikke oplyst,1991 - 1996
b_hindesp,Hindesprængning,Hindesprængning,"1: Ja
0: Nej",Skemaindberetning til Sundhedsstyrelsen,Ikke oplyst,1991 - 1996
b_vestim,Vestimulation,Vestimulation,"1: Ja
0: Nej",Skemaindberetning til Sundhedsstyrelsen,Ikke oplyst,1991 - 1996
b_epis,Episiostomi,Episiostomi,"1: Ja
0: Nej",Skemaindberetning til Sundhedsstyrelsen,Ikke oplyst,1991 - 1996
b_ctg_u_f,CTG under fødslen,CTG under fødslen,"1: Ja
0: Nej",Skemaindberetning til Sundhedsstyrelsen,Ikke oplyst,1991 - 1996
b_fremt,Fremtrækning,Fremtrækning,"1: Ja
0: Nej",Skemaindberetning til Sundhedsstyrelsen,Ikke oplyst,1991 - 1996
b_vacuum,Vacuum ekstraktion,Vacuum ekstraktion,"1: Ja
0: Nej",Skemaindberetning til Sundhedsstyrelsen,Ikke oplyst,1991 - 1996
b_tang,Tangforløsning,Tangforløsning,"1: Ja
0: Nej",Skemaindberetning til Sundhedsstyrelsen,Ikke oplyst,1991 - 1996
b_sectiou,Sectio under fødsel,Sectio under fødsel,"1: Ja
0: Nej",Skemaindberetning til Sundhedsstyrelsen,Ikke oplyst,1991 - 1996
b_placenta,Intrauterin palpation,Intrauterin palpation,"1: Ja
0: Nej",Skemaindberetning til Sundhedsstyrelsen,Ikke oplyst,1991 - 1996
b_collum,Livmoderhalsinspektion,Livmoderhalsinspektion,"1: Ja
0: Nej",Skemaindberetning til Sundhedsstyrelsen,Ikke oplyst,1991 - 1996
b_andre,Andre indgreb under fødsel,Andre indgreb under fødsel,"1: Ja
0: Nej",Skemaindberetning til Sundhedsstyrelsen,Ikke oplyst,1991 - 1996
b_samadr,Samboende forældre ved fødsel,Samboende forældre ved fødsel,"1: Ja
0: Nej",Skemaindberetning til Sundhedsstyrelsen,Ikke oplyst,1991 - 1996
b_flerfold,Flerfoldsfødsel,Flerfoldsfødsel,"1: Ja
0: Nej",Skemaindberetning til Sundhedsstyrelsen,Ikke oplyst,1991 - 1996
c_fodvisit,Primært visitationssted til fødselssted,Primært visitationssted til fødselssted,"0: uoplyst                                                                                                                                               
1: fra gyn.- obst.afdeling                                                                                                                               
4: fra hjemmet                                                                                                                                           
2: fra anden afdeling                                                                                                                                    
3: fra ABC afsnit                                                                                                                                        ",Skemaindberetning til Sundhedsstyrelsen,Ikke oplyst,1991 - 1996
b_ambulant,Planlagt fødsel,Planlagt fødsel,"1: Ja
0: Nej",Skemaindberetning til Sundhedsstyrelsen,Ikke oplyst,1991 - 1996
b_overf,Noderen overflyttet under fødsel,Noderen overflyttet under fødsel,"1: Ja
0: Nej",Skemaindberetning til Sundhedsstyrelsen,Ikke oplyst,1991 - 1996
c_overfra,Moderen overført fra,Moderen overført fra,"0: uoplyst                                                                                                                                               
1: fra gyn.- obst.afdeling                                                                                                                               
4: fra hjemmet                                                                                                                                           
2: fra anden afdeling                                                                                                                                    
3: fra ABC afsnit                                                                                                                                        ",Skemaindberetning til Sundhedsstyrelsen,Ikke oplyst,1991 - 1996
b_overfl,Barnet overflyttet under fødsel,Barnet overflyttet under fødsel,"1: Ja
0: Nej",Skemaindberetning til Sundhedsstyrelsen,Ikke oplyst,1991 - 1996
b_smsikker,Sikker på menstruationsberegning,Sikker på menstruationsberegning,"1: Ja
0: Nej",Skemaindberetning til Sundhedsstyrelsen,Ikke oplyst,1991 - 1996
b_ryger,Ryger,Ryger,"1: Ja
0: Nej",Skemaindberetning til Sundhedsstyrelsen,Ikke oplyst,1991 - 1996
b_risiko,Risikoadfærd før fødsel,Risikoadfærd før fødsel,"1: Ja
0: Nej",Skemaindberetning til Sundhedsstyrelsen,Ikke oplyst,1991 - 1996
b_normal,Normal fødsel,Normal fødsel,"1: Ja
0: Nej",Skemaindberetning til Sundhedsstyrelsen,Ikke oplyst,1991 - 1996
b_partus,Spontan fødsel,Spontan fødsel,"1: Ja
0: Nej",Skemaindberetning til Sundhedsstyrelsen,Ikke oplyst,1991 - 1996
b_pediater,Pædiater tilstede,Pædiater tilstede,"1: Ja
0: Nej",Skemaindberetning til Sundhedsstyrelsen,Ikke oplyst,1991 - 1996
b_anestesi,Anæstesilæge tilstede,Anæstesilæge tilstede,"1: Ja
0: Nej",Skemaindberetning til Sundhedsstyrelsen,Ikke oplyst,1991 - 1996
b_f1,"Indgreb 1 før fødsel, vending/vendingsforsøg","Indgreb 1 før fødsel, vending/vendingsforsøg","1: Ja
0: Nej",Skemaindberetning til Sundhedsstyrelsen,Ikke oplyst,1991 - 1996
b_f2,"Indgreb 2 før fødsel, hindesprængning","Indgreb 2 før fødsel, hindesprængning","1: Ja
0: Nej",Skemaindberetning til Sundhedsstyrelsen,Ikke oplyst,1991 - 1996
b_f3,"Indgreb 3 før fødsel, medicinsk igangsætning","Indgreb 3 før fødsel, medicinsk igangsætning","1: Ja
0: Nej",Skemaindberetning til Sundhedsstyrelsen,Ikke oplyst,1991 - 1996
b_f5,"Indgreb 5 før fødsel, andet indgreb","Indgreb 5 før fødsel, andet indgreb","1: Ja
0: Nej",Skemaindberetning til Sundhedsstyrelsen,Ikke oplyst,1991 - 1996
b_f6,"Indgreb 6 før fødsel, sectio","Indgreb 6 før fødsel, sectio","1: Ja
0: Nej",Skemaindberetning til Sundhedsstyrelsen,Ikke oplyst,1991 - 1996
Tabel: 't_dfoed',Dødfødte,,,,,1973 - 1996 
v_mcpr,Moderens CPR,Moderens CPR,Angives med alle 10 cifre (dd-mm-åå-lbnr.),Skemainberetning til Sundhedsstyrelsen,Ikke oplyst,1973 - 1996
v_fcpr,Faderens CPR,Faderens CPR,Angives med alle 10 cifre (dd-mm-åå-lbnr.),Skemaindberetning til Sundhedsstyrelsen,Ikke oplyst,1991 - 1996
d_foddto,FødselsGyldig dato (DDMMYYYY),FødselsGyldig dato (DDMMYYYY),Gyldig dato (DDMMYYYY),Skemaindberetning til Sundhedsstyrelsen,Ikke oplyst,1973 - 1996
d_termin,TerminsGyldig dato (DDMMYYYY),TerminsGyldig dato (DDMMYYYY),Gyldig dato (DDMMYYYY),Skemaindberetning til Sundhedsstyrelsen,Ikke oplyst,1991 - 1996
d_sm,Gyldig dato (DDMMYYYY) for sidste menstruation,Gyldig dato (DDMMYYYY) for sidste menstruation,Gyldig dato (DDMMYYYY),Skemaindberetning til Sundhedsstyrelsen,Ikke oplyst,1991 - 1996
c_dod1,Primær dødsårsag,Primær dødsårsag,Ikke oplyst,Skemaindberetning til Sundhedsstyrelsen,Ikke oplyst,1973 - 1996
c_dod2,Sekundær dødsårsag,Sekundær dødsårsag,Ikke oplyst,Skemaindberetning til Sundhedsstyrelsen,Ikke oplyst,1973 - 1996
c_dod3,Tertiær dødsårsag,Tertiær dødsårsag,Ikke oplyst,Skemaindberetning til Sundhedsstyrelsen,Ikke oplyst,1973 - 1996
c_bopamt,Bopælsamt,Bopælsamt,"2 cifret amtskode.
Link til generelt kodeark:
http://www.esundhed.dk/dokumentation/Registre/Documents/GenereltKodeark.pdf",Skemaindberetning til Sundhedsstyrelsen,Ikke oplyst,1991 - 1996
c_bopkom,Bopælskommune,Bopælskommune,"3 cifret kommunekode.
Link til generelt kodeark:
http://www.esundhed.dk/dokumentation/Registre/Documents/GenereltKodeark.pdf",Skemaindberetning til Sundhedsstyrelsen,Ikke oplyst,1973 - 1996
c_fodeamt,Fødselsamt,Fødselsamt,"2 cifret amtskode.
Link til generelt kodeark:
http://www.esundhed.dk/dokumentation/Registre/Documents/GenereltKodeark.pdf",Skemaindberetning til Sundhedsstyrelsen,Ikke oplyst,1973 - 1996
v_langde,Barnets længde i cm,Barnets længde i cm,Heltal,Skemaindberetning til Sundhedsstyrelsen,Ikke oplyst,1973 - 1990
v_vagt,Barnets vægt i gram,Barnets vægt i gram,Heltal,Skemaindberetning til Sundhedsstyrelsen,Ikke oplyst,1973 - 1996
c_sex,Barnets køn,Barnets køn,"1: dreng
2: pige",Skemaindberetning til Sundhedsstyrelsen,Ikke oplyst,1973 - 1996
v_antal,Antal børn i fødslen,Antal børn i fødslen,Heltal,Skemaindberetning til Sundhedsstyrelsen,Ikke oplyst,1973 - 1990
c_dodfu,Fosterets dødstidspunkt i.f.t. fødsel,Fosterets dødstidspunkt i.f.t. fødsel,"1: død før fødsel                                                                                                                                        
2: død under fødsel                                                                                                                                      
9: uoplyst                                                                                                                                               ",Skemaindberetning til Sundhedsstyrelsen,Ikke oplyst,1973 - 1990
c_obduktio,Obduktionstilkendegivelse,Obduktionstilkendegivelse,"1: ingen                                                                                                                                                 
2: vil finde sted, retslig                                                                                                                               
3: vil finde sted, anden                                                                                                                                 
4: har fundet sted, retslig                                                                                                                              
5: har fundet sted, anden                                                                                                                                
9: uoplyst                                                                                                                                               ",Skemaindberetning til Sundhedsstyrelsen,Ikke oplyst,1973 - 1996
v_falder,Faderens alder,Faderens alder,Heltal,Skemaindberetning til Sundhedsstyrelsen,Ikke oplyst,1973 - 1996
v_malder,Moderens alder,Moderens alder,Heltal,Skemaindberetning til Sundhedsstyrelsen,Ikke oplyst,1973 - 1996
v_grav,Antal tidligere graviditeter,Antal tidligere graviditeter,Heltal,Skemaindberetning til Sundhedsstyrelsen,Ikke oplyst,1973 - 1990
v_tidldod,Antal tidligere dødfødte,Antal tidligere dødfødte,Heltal,Skemaindberetning til Sundhedsstyrelsen,Ikke oplyst,1973 - 1996
c_fodekom,Fødselskommune,Fødselskommune,"3 cifret kommunekode.
Link til generelt kodeark:
http://www.esundhed.dk/dokumentation/Registre/Documents/GenereltKodeark.pdf",Skemaindberetning til Sundhedsstyrelsen,Ikke oplyst,1978 - 1990
c_fosterpr,Fosterpræsentation,Fosterpræsentation,"1: regelmæssig baghoved
2: uregelmæssig baghoved 
4: pande stilling 
6: tvaerleje 
9: anden
3: forisse stilling 
5: ansigtsstilling 
7: underkrop
02: baghovedpræsentation, uregelmæssig  
05: sædepræsentation 
07: sæde-fod-præsentation, ufuldstændig 
08: fodpræsentation, fuldstændig
10: ander underkropspræsentation
11: tværleje 
12: anden
13: uspecificeret underkropsstilling
16: uspecificeret hovedstilling
01: baghovedpræsentation, regelmæssig
03: forisse/pandepræsentation 
04: ansigtspræsentation 
06: sæde-fod-præsentation, fuldstændig
09: fodpræsentation, ufuldstændig 
14: anden fosterstilling
99: uoplyst 
05: ren sædepræsentation 
08: høj lige stand 
09: uspecificeret hovedstilling 
00: baghovedpræsentation, regelmæssig
01: baghovedpræsentation, uregelmæssig
02: dyb tværstand 
03: forisse/pandepræsentation
04: ansigtspræsentation 
06: anden underkropspræsentation 
07: tværleje / skråleje 
10: uspecificeret underkropsstilling
99: uoplyst 
",Skemaindberetning til Sundhedsstyrelsen,Ikke oplyst,1978 - 1996
c_indgrfor,Indgreb før fødslen,Indgreb før fødslen,"00: ingen indgreb                                                                                                                                         
01: udvendig vending                                                                                                                                      
02: medicinsk igangsætning                                                                                                                                
03: udvendig vendig og medicinsk igangsætning                                                                                                             
04: hindesprængning                                                                                                                                       
05: ?                                                                                                                                                     
06: medicinsk igangsætning og hindesprængning                                                                                                             
07: ?                                                                                                                                                     
08: anden behandling                                                                                                                                      
09: ?                                                                                                                                                     
10: ?                                                                                                                                                     
11: ?                                                                                                                                                     
12: ?                                                                                                                                                     
13: ?                                                                                                                                                     
14: ?                                                                                                                                                     
99: uoplyst                                                                                                                                               ",Skemaindberetning til Sundhedsstyrelsen,Ikke oplyst,1978 - 1990
v_langde,Barnets længde i cm.,Barnets længde i cm.,Heltal,Skemaindberetning til Sundhedsstyrelsen,Ikke oplyst,1978 - 1996
v_svlangde,Svangerskabslængden i uger,Svangerskabslængden i uger,Heltal,Skemaindberetning til Sundhedsstyrelsen,Ikke oplyst,1978 - 1996
c_fodested,Fødestedstype,Fødestedstype,"2: sygehus, anden afdeling                                                                                                                               
4: anden klinik                                                                                                                                          
6: andetsteds                                                                                                                                            
7: hjemmefødsel, planlagt                                                                                                                                
0: gyn,- obst. Afdeling                                                                                                                                  
2: ABC afsnit                                                                                                                                            
4: hjem, ikke planlagt                                                                                                                                   
5: andet sted                                                                                                                                            
6: uoplyst                                                                                                                                               
1: sygehus, fødeafdeling                                                                                                                                 
3: fødeklinik                                                                                                                                            
5: hjemmefødsel                                                                                                                                           
9: uoplyst                                                                                                                                               
8: hjemmefødsel, uplanlagt                                                                                                                               
1: anden sygehusafdeling                                                                                                                                 
3: hjem, planlagt                                                                                                                                        ",Skemaindberetning til Sundhedsstyrelsen,Ikke oplyst,1978 - 1996
c_fodsforl,Fødselsforløb,Fødselsforløb,"0: normal                                                                                                                                                
1: kompliceret                                                                                                                                           
9: uoplyst                                                                                                                                               ",Skemaindberetning til Sundhedsstyrelsen,Ikke oplyst,1978 - 1990
c_indgrund,Indgreb under fødslen,Indgreb under fødslen,"0: ingen                                                                                                                                                 
1: indgreb                                                                                                                                               
9: ukendt                                                                                                                                                ",Skemaindberetning til Sundhedsstyrelsen,Ikke oplyst,1978 - 1990
v_tidllev,Antal tidligere levendefødte,Antal tidligere levendefødte,Heltal,Skemaindberetning til Sundhedsstyrelsen,Ikke oplyst,1979 - 1996
v_pabort,Antal tidligere provokerede aborter,Antal tidligere provokerede aborter,Heltal,Skemaindberetning til Sundhedsstyrelsen,Ikke oplyst,1979 - 1996
v_sabort,Antal tidligere spontane aborter,Antal tidligere spontane aborter,Heltal,Skemaindberetning til Sundhedsstyrelsen,Ikke oplyst,1979 - 1996
c_sghnr,Sygehusnummer,Sygehusnummer,Ikke oplyst,Skemaindberetning til Sundhedsstyrelsen,Ikke oplyst,1979 - 1996
b_samadr,Forældrene samboende ved fødsel,Forældrene samboende ved fødsel,"1: Ja
0: Nej",Skemaindberetning til Sundhedsstyrelsen,Ikke oplyst,1978 - 1990
c_dodssted,Dødssted,Dødssted,"1: sygehus                                                                                                                                               
3: eget hjem                                                                                                                                             
4: andetsteds                                                                                                                                            ",Skemaindberetning til Sundhedsstyrelsen,Ikke oplyst,1991 - 1996
c_dodsart,Dødsart,Dødsart,1: naturlig død,Skemaindberetning til Sundhedsstyrelsen,Ikke oplyst,1991 - 1996
b_i1,"Indgreb 1, vestimulation","Indgreb 1, vestimulation","1: Ja
0: Nej",Skemaindberetning til Sundhedsstyrelsen,Ikke oplyst,1978 - 1990
b_i2,"Indgreb 2, hindepunktur","Indgreb 2, hindepunktur","1: Ja
0: Nej",Skemaindberetning til Sundhedsstyrelsen,Ikke oplyst,1978 - 1990
b_i3,"Indgreb 3, hindesprængning","Indgreb 3, hindesprængning","1: Ja
0: Nej",Skemaindberetning til Sundhedsstyrelsen,Ikke oplyst,1978 - 1990
b_i4,"Indgreb 4, Episiotomia","Indgreb 4, Episiotomia","1: Ja
0: Nej",Skemaindberetning til Sundhedsstyrelsen,Ikke oplyst,1978 - 1990
b_i5,"Indgreb 5, fremhjælpning","Indgreb 5, fremhjælpning","1: Ja
0: Nej",Skemaindberetning til Sundhedsstyrelsen,Ikke oplyst,1978 - 1990
b_i6,"Indgreb 6, vacuumekstarktion","Indgreb 6, vacuumekstarktion","1: Ja
0: Nej",Skemaindberetning til Sundhedsstyrelsen,Ikke oplyst,1978 - 1990
b_i7,"Indgreb 7, tangforløsning","Indgreb 7, tangforløsning","1: Ja
0: Nej",Skemaindberetning til Sundhedsstyrelsen,Ikke oplyst,1978 - 1990
b_i8,"Indgreb 8, fremtrækning","Indgreb 8, fremtrækning","1: Ja
0: Nej",Skemaindberetning til Sundhedsstyrelsen,Ikke oplyst,1978 - 1990
b_i9,"Indgreb 9, planlagt sectio","Indgreb 9, planlagt sectio","1: Ja
0: Nej",Skemaindberetning til Sundhedsstyrelsen,Ikke oplyst,1978 - 1990
b_i10,"Indgreb 10, andre indgreb","Indgreb 10, andre indgreb","1: Ja
0: Nej",Skemaindberetning til Sundhedsstyrelsen,Ikke oplyst,1978 - 1990
b_i11,"Indgreb 11, sectio","Indgreb 11, sectio","1: Ja
0: Nej",Skemaindberetning til Sundhedsstyrelsen,Ikke oplyst,1978 - 1990
b_i12,"Indgreb 12, acut sectio","Indgreb 12, acut sectio","1: Ja
0: Nej",Skemaindberetning til Sundhedsstyrelsen,Ikke oplyst,1978 - 1990
b_k1,"Komplikation 1, forliggende moderkage","Komplikation 1, forliggende moderkage","1: Ja
0: Nej",Skemaindberetning til Sundhedsstyrelsen,Ikke oplyst,1978 - 1990
b_k2,"Komplikation 2, fastsiddende moderkage","Komplikation 2, fastsiddende moderkage","1: Ja
0: Nej",Skemaindberetning til Sundhedsstyrelsen,Ikke oplyst,1978 - 1990
b_k3,"Komplikation 3, præmatur løsning","Komplikation 3, præmatur løsning","1: Ja
0: Nej",Skemaindberetning til Sundhedsstyrelsen,Ikke oplyst,1978 - 1990
b_k4,"Komplikation 4, blødning af anden årsag","Komplikation 4, blødning af anden årsag","1: Ja
0: Nej",Skemaindberetning til Sundhedsstyrelsen,Ikke oplyst,1978 - 1990
b_k5,"Komplikation 5, abnormt bækken eller misforhold mellem bækken og foster","Komplikation 5, abnormt bækken eller misforhold mellem bækken og foster","1: Ja
0: Nej",Skemaindberetning til Sundhedsstyrelsen,Ikke oplyst,1978 - 1990
b_k6,"Komplikation 6, abnorm fosterstilling","Komplikation 6, abnorm fosterstilling","1: Ja
0: Nej",Skemaindberetning til Sundhedsstyrelsen,Ikke oplyst,1978 - 1990
b_k7,"Komplikation 7, langvarig fødsel af anden årsag","Komplikation 7, langvarig fødsel af anden årsag","1: Ja
0: Nej",Skemaindberetning til Sundhedsstyrelsen,Ikke oplyst,1978 - 1990
b_k8,"Komplikation 8, navesnorskomplikation","Komplikation 8, navesnorskomplikation","1: Ja
0: Nej",Skemaindberetning til Sundhedsstyrelsen,Ikke oplyst,1978 - 1990
b_k9,"Komplikation 9, hydramnios","Komplikation 9, hydramnios","1: Ja
0: Nej",Skemaindberetning til Sundhedsstyrelsen,Ikke oplyst,1978 - 1990
b_k10,"Komplikation 10, svangerskabsforgiftning eller truende fødekrampe","Komplikation 10, svangerskabsforgiftning eller truende fødekrampe","1: Ja
0: Nej",Skemaindberetning til Sundhedsstyrelsen,Ikke oplyst,1978 - 1990
b_k11,"Komplikation 11, truende fosterdød","Komplikation 11, truende fosterdød","1: Ja
0: Nej",Skemaindberetning til Sundhedsstyrelsen,Ikke oplyst,1978 - 1990
b_k12,"Komplikation 12, bristning","Komplikation 12, bristning","1: Ja
0: Nej",Skemaindberetning til Sundhedsstyrelsen,Ikke oplyst,1978 - 1990
b_k13,"Komplikation 13, sygdom hos moderen","Komplikation 13, sygdom hos moderen","1: Ja
0: Nej",Skemaindberetning til Sundhedsstyrelsen,Ikke oplyst,1978 - 1990
b_k14,"Komplikation 14, andre komplikationer","Komplikation 14, andre komplikationer","1: Ja
0: Nej",Skemaindberetning til Sundhedsstyrelsen,Ikke oplyst,1978 - 1990
b_k15,"Komplikation15, placentainsufficiens","Komplikation15, placentainsufficiens","1: Ja
0: Nej",Skemaindberetning til Sundhedsstyrelsen,Ikke oplyst,1978 - 1990
v_u1,Antal undersøgelser hos jordemoder,Antal undersøgelser hos jordemoder,Heltal,Skemaindberetning til Sundhedsstyrelsen,Ikke oplyst,1978 - 1996
v_u2,Antal undersøgelser hos egen læge,Antal undersøgelser hos egen læge,Heltal,Skemaindberetning til Sundhedsstyrelsen,Ikke oplyst,1978 - 1996
v_u3,Antal undersøgelser hos speciallæge,Antal undersøgelser hos speciallæge,Heltal,Skemaindberetning til Sundhedsstyrelsen,Ikke oplyst,1978 - 1996
v_u4,Antal undersøgelser på kirurgisk afdeling,Antal undersøgelser på kirurgisk afdeling,Heltal,Skemaindberetning til Sundhedsstyrelsen,Ikke oplyst,1978 - 1996
v_u5,Antal undersøgelser på specialafdeling,Antal undersøgelser på specialafdeling,Heltal,Skemaindberetning til Sundhedsstyrelsen,Ikke oplyst,1978 - 1996
v_apgar1,Apgar score efter 1 minut,Apgar score efter 1 minut,Heltal,Skemaindberetning til Sundhedsstyrelsen,Ikke oplyst,1991 - 1996
v_apgar5,Apgar score efter 5 minutter,Apgar score efter 5 minutter,Heltal,Skemaindberetning til Sundhedsstyrelsen,Ikke oplyst,1991 - 1996
c_misdan,Misdannelsestilkendegivelse,Misdannelsestilkendegivelse,"1: ja                                                                                                                                                    
2: nej                                                                                                                                                   
0: uoplyst",Skemaindberetning til Sundhedsstyrelsen,Ikke oplyst,1991 - 1996
c_civstd,Moderens civilstand,Moderens civilstand,"1: gift                                                                                                                                                  
4: faktisk adskilt                                                                                                                                       
6: skilt                                                                                                                                                 
8: enke                                                                                                                                                  
2: samlevende                                                                                                                                            
5: separeret                                                                                                                                             
7: ugift                                                                                                                                                 
9: uoplyst                                                                                                                                               
F: farskilt                                                                                                                                              
O: opløst partnerskab                                                                                                                                    
U: ugift                                                                                                                                                 
E: enke                                                                                                                                                  
G: gift                                                                                                                                                  
L: længstlevende i partnerskab                                                                                                                           
P: registreret partnerskab                                                                                                                               ",Skemaindberetning til Sundhedsstyrelsen,Ikke oplyst,1991 - 1996
c_plac,Barnets placering i flerfoldsfødsler,Barnets placering i flerfoldsfødsler,"0: enkeltfødt                                                                                                                                            
1: 1. Tvilling                                                                                                                                           
2: 2. Tvilling                                                                                                                                           
3: 1. Trilling                                                                                                                                           
4: 2. Trilling                                                                                                                                           
5: 3. Trilling                                                                                                                                           
6: 1. Firling                                                                                                                                            
7: 2. Firling                                                                                                                                            
8: 3. Firling                                                                                                                                            
9: 4. Firling                                                                                                                                            ",Skemaindberetning til Sundhedsstyrelsen,Ikke oplyst,1991 - 1996
t_klokke,Klokkeslæt for fødsel,Klokkeslæt for fødsel,Heltal,Skemaindberetning til Sundhedsstyrelsen,Ikke oplyst,1991 - 1996
v_udsktim,Timer fra fødsel til udskrivning,Timer fra fødsel til udskrivning,Heltal,Skemaindberetning til Sundhedsstyrelsen,Ikke oplyst,1991 - 1996
v_udskdag,Dage fra fødsel til udskrivning,Dage fra fødsel til udskrivning,Heltal,Skemaindberetning til Sundhedsstyrelsen,Ikke oplyst,1991 - 1996
b_d1,"Diagnosticering 1, ultralydsscanning","Diagnosticering 1, ultralydsscanning","1: Ja
0: Nej",Skemaindberetning til Sundhedsstyrelsen,Ikke oplyst,1991 - 1996
b_d2,"Diagnosticering 2, chorion villusbiopsi","Diagnosticering 2, chorion villusbiopsi","1: Ja
0: Nej",Skemaindberetning til Sundhedsstyrelsen,Ikke oplyst,1991 - 1996
b_d3,"Diagnosticering 3, serum AFP","Diagnosticering 3, serum AFP","1: Ja
0: Nej",Skemaindberetning til Sundhedsstyrelsen,Ikke oplyst,1991 - 1996
b_d4,"Diagnosticering 4, amniocentese","Diagnosticering 4, amniocentese","1: Ja
0: Nej",Skemaindberetning til Sundhedsstyrelsen,Ikke oplyst,1991 - 1996
b_d5,"Diagnosticering 5, CTG i svangerskab","Diagnosticering 5, CTG i svangerskab","1: Ja
0: Nej",Skemaindberetning til Sundhedsstyrelsen,Ikke oplyst,1991 - 1996
b_fshjaelp,Fødselshjælp,Fødselshjælp,"1: Ja
0: Nej",Skemaindberetning til Sundhedsstyrelsen,Ikke oplyst,1991 - 1996
b_hindesp,Hindesprængning,Hindesprængning,"1: Ja
0: Nej",Skemaindberetning til Sundhedsstyrelsen,Ikke oplyst,1991 - 1996
b_vestim,Vestimulation,Vestimulation,"1: Ja
0: Nej",Skemaindberetning til Sundhedsstyrelsen,Ikke oplyst,1991 - 1996
b_epis,Episiostomi,Episiostomi,"1: Ja
0: Nej",Skemaindberetning til Sundhedsstyrelsen,Ikke oplyst,1991 - 1996
b_ctg_u_f,CTG under fødslen,CTG under fødslen,"1: Ja
0: Nej",Skemaindberetning til Sundhedsstyrelsen,Ikke oplyst,1991 - 1996
b_fremt,Fremtrækning,Fremtrækning,"1: Ja
0: Nej",Skemaindberetning til Sundhedsstyrelsen,Ikke oplyst,1991 - 1996
b_vacuum,Vacuum ekstraktion,Vacuum ekstraktion,"1: Ja
0: Nej",Skemaindberetning til Sundhedsstyrelsen,Ikke oplyst,1991 - 1996
b_tang,Tangforløsning,Tangforløsning,"1: Ja
0: Nej",Skemaindberetning til Sundhedsstyrelsen,Ikke oplyst,1991 - 1996
b_sectiou,Sectio under fødsel,Sectio under fødsel,"1: Ja
0: Nej",Skemaindberetning til Sundhedsstyrelsen,Ikke oplyst,1991 - 1996
b_placenta,Intrauterin palpation,Intrauterin palpation,"1: Ja
0: Nej",Skemaindberetning til Sundhedsstyrelsen,Ikke oplyst,1991 - 1996
b_collum,Livmoderhalsinspektion,Livmoderhalsinspektion,"1: Ja
0: Nej",Skemaindberetning til Sundhedsstyrelsen,Ikke oplyst,1991 - 1996
b_andre,Andre indgreb under fødsel,Andre indgreb under fødsel,"1: Ja
0: Nej",Skemaindberetning til Sundhedsstyrelsen,Ikke oplyst,1991 - 1996
b_samadr,Samboende forældre ved fødsel,Samboende forældre ved fødsel,"1: Ja
0: Nej",Skemaindberetning til Sundhedsstyrelsen,Ikke oplyst,1991 - 1996
b_flerfold,Flerfoldsfødsel,Flerfoldsfødsel,"1: Ja
0: Nej",Skemaindberetning til Sundhedsstyrelsen,Ikke oplyst,1991 - 1996
c_fodvisit,Primært visitationssted til fødselssted,Primært visitationssted til fødselssted,"0: uoplyst                                                                                                                                               
1: fra gyn.- obst.afdeling                                                                                                                               
4: fra hjemmet                                                                                                                                           
2: fra anden afdeling                                                                                                                                    
3: fra ABC afsnit                                                                                                                                        ",Skemaindberetning til Sundhedsstyrelsen,Ikke oplyst,1991 - 1996
b_ambulant,Planlagt fødsel,Planlagt fødsel,"1: Ja
0: Nej",Skemaindberetning til Sundhedsstyrelsen,Ikke oplyst,1991 - 1996
b_overf,Noderen overflyttet under fødsel,Noderen overflyttet under fødsel,"1: Ja
0: Nej",Skemaindberetning til Sundhedsstyrelsen,Ikke oplyst,1991 - 1996
c_overfra,Moderen overført fra,Moderen overført fra,"0: uoplyst                                                                                                                                               
1: fra gyn.- obst.afdeling                                                                                                                               
4: fra hjemmet                                                                                                                                           
2: fra anden afdeling                                                                                                                                    
3: fra ABC afsnit                                                                                                                                        ",Skemaindberetning til Sundhedsstyrelsen,Ikke oplyst,1991 - 1996
b_overfl,Barnet overflyttet under fødsel,Barnet overflyttet under fødsel,"1: Ja
0: Nej",Skemaindberetning til Sundhedsstyrelsen,Ikke oplyst,1991 - 1996
b_smsikker,Sikker på menstruationsberegning,Sikker på menstruationsberegning,"1: Ja
0: Nej",Skemaindberetning til Sundhedsstyrelsen,Ikke oplyst,1991 - 1996
b_ryger,Ryger,Ryger,"1: Ja
0: Nej",Skemaindberetning til Sundhedsstyrelsen,Ikke oplyst,1991 - 1996
b_risiko,Risikoadfærd før fødsel,Risikoadfærd før fødsel,"1: Ja
0: Nej",Skemaindberetning til Sundhedsstyrelsen,Ikke oplyst,1991 - 1996
b_normal,Normal fødsel,Normal fødsel,"1: Ja
0: Nej",Skemaindberetning til Sundhedsstyrelsen,Ikke oplyst,1991 - 1996
b_partus,Spontan fødsel,Spontan fødsel,"1: Ja
0: Nej",Skemaindberetning til Sundhedsstyrelsen,Ikke oplyst,1991 - 1996
b_pediater,Pædiater tilstede,Pædiater tilstede,"1: Ja
0: Nej",Skemaindberetning til Sundhedsstyrelsen,Ikke oplyst,1991 - 1996
b_anestesi,Anæstesilæge tilstede,Anæstesilæge tilstede,"1: Ja
0: Nej",Skemaindberetning til Sundhedsstyrelsen,Ikke oplyst,1991 - 1996
b_f1,"Indgreb 1 før fødsel, vending/vendingsforsøg","Indgreb 1 før fødsel, vending/vendingsforsøg","1: Ja
0: Nej",Skemaindberetning til Sundhedsstyrelsen,Ikke oplyst,1991 - 1996
b_f2,"Indgreb 2 før fødsel, hindesprængning","Indgreb 2 før fødsel, hindesprængning","1: Ja
0: Nej",Skemaindberetning til Sundhedsstyrelsen,Ikke oplyst,1991 - 1996
b_f3,"Indgreb 3 før fødsel, medicinsk igangsætning","Indgreb 3 før fødsel, medicinsk igangsætning","1: Ja
0: Nej",Skemaindberetning til Sundhedsstyrelsen,Ikke oplyst,1991 - 1996
b_f5,"Indgreb 5 før fødsel, andet indgreb","Indgreb 5 før fødsel, andet indgreb","1: Ja
0: Nej",Skemaindberetning til Sundhedsstyrelsen,Ikke oplyst,1991 - 1996
b_f6,"Indgreb 6 før fødsel, sectio","Indgreb 6 før fødsel, sectio","1: Ja
0: Nej",Skemaindberetning til Sundhedsstyrelsen,Ikke oplyst,1991 - 1996
MFR,,,,,,1997  - 
pk_mfr,Primærnøgle til kobling med FK_mfr i satellitdatasættene,Primærnøgle til kobling med FK_mfr i satellitdatasættene,Ikke oplyst,LPR/CPR,Ikke oplyst,1997 -
cpr_barn,Barns cpr-nummer,Barns cpr-nummer,Angives med alle 10 cifre (dd-mm-åå-lbnr.),LPR/CPR,Ikke oplyst,1997 -
cpr_moder,Mors cpr-nummer,Mors cpr-nummer,Angives med alle 10 cifre (dd-mm-åå-lbnr.),LPR/CPR,Ikke oplyst,1997 -
cpr_fader,Fars cpr-nummer,Fars cpr-nummer,Angives med alle 10 cifre (dd-mm-åå-lbnr.),LPR/CPR,Ikke oplyst,1997 -
Abdominalomfang,Barnets abdominalomfang (CM),Barnets abdominalomfang (CM),Heltal,LPR/CPR,Ikke oplyst,1997 -
Abruptio,"Abruptio, for tidlig løsning af moderkage","Abruptio, for tidlig løsning af moderkage",ICD10 diagnosekode,LPR/CPR,Ikke oplyst,1997 - 
Afdeling,Sygehus afdeling,Sygehus afdeling,Ikke oplyst,LPR/CPR,Ikke oplyst,1997 -
Alder_fader,Faderens alder,Faderens alder,Alder,LPR/CPR,Ikke oplyst,1997 -
Alder_moder,Moderens alder,Moderens alder,Alder,LPR/CPR,Ikke oplyst,1997 - 
Alderveddoed_dage_barn,Barnets alder ved død,Barnets alder ved død,Alder,LPR/CPR,Ikke oplyst,1997 -
Amnioinfusion,Amnioinfusion under fødsel - SKS operationskode,Amnioinfusion under fødsel - SKS operationskode,SKS-kode,LPR/CPR,Ikke oplyst,1998 -
Amnitomi_under_foedsel_hsp,Hindesprængning,Hindesprængning,"SKS operationskode, eller indikator for om der har fundet hindesprængning sted (1= hindesprængning) (0 og 1 er brugt ved hjemmefødsler)",LPR/CPR,Ikke oplyst,1997 - 
Andensutur,Anden sutur efter fødsel,Anden sutur efter fødsel, SKS operationskode,LPR/CPR,Ikke oplyst,1997 -
Apgarscore_efter5minutter,Apgar score efter 5 min,Apgar score efter 5 min,"Talværdi mellem 0-10, missing og 99=uoplyst",LPR/CPR,Ikke oplyst,1997 -
Barnslevendenr_flerfoldfoedsel,Nummer levendefødt ved flerfoldsfødsel,Nummer levendefødt ved flerfoldsfødsel,Heltal,LPR/CPR,Ikke oplyst,1997 - 
Barnsnummer_flerfoldsfoedsel,Nummer ved flerfoldsfødsel,Nummer ved flerfoldsfødsel,"0: enkeltfødt                                                                                                                                            
1: 1. Tvilling                                                                                                                                           
2: 2. Tvilling                                                                                                                                           
3: 1. Trilling                                                                                                                                           
4: 2. Trilling                                                                                                                                           
5: 3. Trilling                                                                                                                                           
6: 1. Firling                                                                                                                                            
7: 2. Firling                                                                                                                                            
8: 3. Firling                                                                                                                                            
9: 4. Firling                                                                                                                                            ",LPR/CPR,Ikke oplyst,1997 -
Besoeghosjordemoder,Antal besøg hos jordemoder i løbet af graviditet,Antal besøg hos jordemoder i løbet af graviditet,Heltal,LPR/CPR,Ikke oplyst,1997 -
Besoeghoslaege,Antal besøg hos læge i løbet af graviditet,Antal besøg hos læge i løbet af graviditet,Heltal,LPR/CPR,Ikke oplyst,1997 - 
Besoeghosspeciallaege,Antal besøg hos speciallæge i løbet af graviditet,Antal besøg hos speciallæge i løbet af graviditet,Heltal,LPR/CPR,Ikke oplyst,1997 -
Bmi_moder,Moderens BMI,Moderens BMI,Heltal,LPR/CPR,Ikke oplyst,2003 -
Bopaelskommune_moder,Moderens bopælskommune,Moderens bopælskommune,"3 cifret kommunekode.
Link til generelt kodeark:
http://www.esundhed.dk/dokumentation/Registre/Documents/GenereltKodeark.pdf",LPR/CPR,Ikke oplyst,1997 - 
Cpapbeh_neonatalafdeling,Indlagt på neonatalafdeling og modtaget cpap-beh.,Indlagt på neonatalafdeling og modtaget cpap-beh.,SKS behandlingskode,LPR/CPR,Ikke oplyst,2001 -
Disproportio,"Disproportio, mekanisk misforhold (kompliceret fødsel pga. abnormt bækken) - ","Disproportio, mekanisk misforhold (kompliceret fødsel pga. abnormt bækken) - ",ICD10 diagnosekode,LPR/CPR,Ikke oplyst,1997 -
DoedsGyldig dato (DDMMYYYY)_barn,Gyldig dato (DDMMYYYY) for barnets død,Gyldig dato (DDMMYYYY) for barnets død,Gyldig dato (DDMMYYYY),LPR/CPR,Ikke oplyst,1997 - 
DoedsGyldig dato (DDMMYYYY)_moder,Gyldig dato (DDMMYYYY) for moderens død,Gyldig dato (DDMMYYYY) for moderens død,Gyldig dato (DDMMYYYY),LPR/CPR,Ikke oplyst,1997 -
Epiduralblokade,Epidural blokade ,Epidural blokade ,SKS behandlingskode eller SKS anæstesiprocedurer,LPR/CPR,Ikke oplyst,2000 -
Episiotomi,"Episiotomi, klip i mellemkødet","Episiotomi, klip i mellemkødet",SKS operationskode eller 1=indgrebet har fundet sted (0 og 1 er brugt i forbindelse med hjemmefødsler),LPR/CPR,Ikke oplyst,1997 - 
Fastsiddendemoderkage,Fastsiddende moderkage og hinder uden blødning ,Fastsiddende moderkage og hinder uden blødning ,ICD10 diagnosekode,LPR/CPR,Ikke oplyst,1997 -
Flerfoldsfoedsel_beregnet,"Barnets nummer ved flerfoldsfødsel, fødselsrækkefølge for flerfoldsbørn","Barnets nummer ved flerfoldsfødsel, fødselsrækkefølge for flerfoldsbørn",Heltal,LPR/CPR,Ikke oplyst,1997 -
Flerfoldsgraviditet,Flerfoldsgraviditetsdiagnose,Flerfoldsgraviditetsdiagnose,ICD10 diagnosekode,LPR/CPR,Ikke oplyst,1997 - 
Foedested,Barnets fødested ,Barnets fødested ,Skskode,LPR/CPR,Ikke oplyst,1997 -
FoedselsGyldig dato (DDMMYYYY),Barnets fødselsGyldig dato (DDMMYYYY),Barnets fødselsGyldig dato (DDMMYYYY),Gyldig dato (DDMMYYYY),LPR/CPR,Ikke oplyst,1997 -
Foedselsdiagnose_moder,Moderens fødselsdiagnose,Moderens fødselsdiagnose,Ikke oplyst,LPR/CPR,Ikke oplyst,1997 - 
Foedselsloebenummer,Fødslens løbenummer,Fødslens løbenummer,Løbenummer,LPR/CPR,Ikke oplyst,1997 -
Foedselstime,Fødselstime,Fødselstime,0-23,LPR/CPR,Ikke oplyst,1997 -
Foedselsaar,Fødselsår,Fødselsår,Årstal,LPR/CPR,Ikke oplyst,1997 - 
Fosterpraesentation,"Fosterpræsentation, barnets hovedstilling","Fosterpræsentation, barnets hovedstilling",DUP-koder,LPR/CPR,Ikke oplyst,1997 -
Gestationsalder_dage,Gestationsalder i dage,Gestationsalder i dage,Heltal,LPR/CPR,Ikke oplyst,1997 -
Hjemmebesoeg,Hjemmebesøg,Hjemmebesøg,Ikke oplyst,LPR/CPR,Ikke oplyst,2003 -
Hoejde_moder,Moderens højde (CM),Moderens højde (CM),Heltal,LPR/CPR,Ikke oplyst,2003 -
Hovedomfang,Barnets hovedomfang,Barnets hovedomfang,Heltal,LPR/CPR,Ikke oplyst,1997 -
Intrauterin_asfyxi,"Intrauterin asfyxi, Graviditet med truende hypoxi hos foster ","Intrauterin asfyxi, Graviditet med truende hypoxi hos foster ",SKS diagnosekode,LPR/CPR,Ikke oplyst,1997 - 
Intrauterin_palpation,"Intrauterin palpation, manuel eksploration af uterus efter fødsel","Intrauterin palpation, manuel eksploration af uterus efter fødsel",SKS operationskode,LPR/CPR,Ikke oplyst,1997 -
Kejsersnit_modersoenske,Kejsersnit på moders ønske,Kejsersnit på moders ønske,"1: Ja
0: Nej",LPR/CPR,Ikke oplyst,2002 -
Koen_barn,Barnets køn,Barnets køn,"1: dreng
2: pige",LPR/CPR,Ikke oplyst,1997 - 
Laengde_barn,Barnets længde (CM),Barnets længde (CM),Heltal,LPR/CPR,Ikke oplyst,1997 -
Levende_eller_doedfoedt,Levendefødt/dødfødtoplysning,Levendefødt/dødfødtoplysning,"Levendefødt
Dødfødt",LPR/CPR,Ikke oplyst,1997 -
Markoer_accreta,Indikator variabel - Accreta,Indikator variabel - Accreta,"1: Ja
0: Nej",LPR/CPR,Ikke oplyst,1997 - 
Markoer_anaestesi_til_operation,Indikator variabel - Anaestesi_til_operation,Indikator variabel - Anaestesi_til_operation,"1: Ja
0: Nej",LPR/CPR,Ikke oplyst,2000 -
Markoer_andre_foedselskomplikati,Indikator variabel - Andre_foedselskomplikatio,Indikator variabel - Andre_foedselskomplikatio,"1: Ja
0: Nej",LPR/CPR,Ikke oplyst,1997 -
Markoer_b_misdannelse,Indikator variabel - Misdannelse,Indikator variabel - Misdannelse,"1: Ja
0: Nej",LPR/CPR,Ikke oplyst,1997 - 
Markoer_cardiomyopati,Indikator variabel - Cardiomyopati,Indikator variabel - Cardiomyopati,"1: Ja
0: Nej",LPR/CPR,Ikke oplyst,1997 -
Markoer_graviditetskomplikatio,Indikator variabel - Graviditetskomplikatio,Indikator variabel - Graviditetskomplikatio,"1: Ja
0: Nej",LPR/CPR,Ikke oplyst,1997 -
Markoer_haemoperitoneum,Indikator variabel - Haemoperitoneum,Indikator variabel - Haemoperitoneum,"1: Ja
0: Nej",LPR/CPR,Ikke oplyst,1997 - 
Markoer_hjemmefoedsel_beregnet,Indikatorvariabel - Er der tale om hjemmefødsel ,Indikatorvariabel - Er der tale om hjemmefødsel ,"1: Ja
0: Nej",LPR/CPR,Ikke oplyst,2000 -
Markoer_igangsaettelse,Indikator variabel - Igangsaettelse,Indikator variabel - Igangsaettelse,"1: Ja
0: Nej",LPR/CPR,Ikke oplyst,1997 -
Markoer_infektioner,Indikator variabel - Infektioner,Indikator variabel - Infektioner,"1: Ja
0: Nej",LPR/CPR,Ikke oplyst,1997 -
Markoer_kejsersnit,Indikator variabel - kejsersnit,Indikator variabel - kejsersnit,"1: Ja
0: Nej",LPR/CPR,Ikke oplyst,1997 - 
Markoer_medicinske_sygdomme,Indikator variabel - Medicinske_sygdomme,Indikator variabel - Medicinske_sygdomme,"1: Ja
0: Nej",LPR/CPR,Ikke oplyst,1997 -
Markoer_navlesnorsblod_analyse,Indikator variabel - Navlesnorsblod_analyse,Indikator variabel - Navlesnorsblod_analyse,"1: Ja
0: Nej",LPR/CPR,Ikke oplyst,1998 -
Markoer_perineal_bristning,Indikator variabel - Perineal_bristning,Indikator variabel - Perineal_bristning,"1: Ja
0: Nej",LPR/CPR,Ikke oplyst,1997 - 
Markoer_post_partum_bloedning,Indikator variabel - post_partum_bloedning,Indikator variabel - post_partum_bloedning,"1: Ja
0: Nej",LPR/CPR,Ikke oplyst,2009 -
Markoer_ruptur,Indikator variabel - Ruptur,Indikator variabel - Ruptur,"1: Ja
0: Nej",LPR/CPR,Ikke oplyst,1997 -
Markoer_smertelindring,Indikator variabel - Smertelindring,Indikator variabel - Smertelindring,"1: Ja
0: Nej",LPR/CPR,Ikke oplyst,1999 -
Markoer_ultralyd,Indikator variabel - Ultralyd,Indikator variabel - Ultralyd,"1: Ja
0: Nej",LPR/CPR,Ikke oplyst,1999 -
Markoer_vestimulation,Indikator variabel - Vestimulation,Indikator variabel - Vestimulation,"1: Ja
0: Nej",LPR/CPR,Ikke oplyst,1999 -
Markoer_ydre_vending,Indikator variabel - Ydre_vending,Indikator variabel - Ydre_vending,"1: Ja
0: Nej",LPR/CPR,Ikke oplyst,1997 - 
Navlesnorsfremfald,Navlesnorsfremfald,Navlesnorsfremfald,SKS diagnosekode,LPR/CPR,Ikke oplyst,1997 -
Paritet,"Paritet, antal gennemførte graviditeter incl. dødsfødsler ved afslutningen af den aktuelle fødsel","Paritet, antal gennemførte graviditeter incl. dødsfødsler ved afslutningen af den aktuelle fødsel","1=førstegangsfødende
2=andengangsfødende
3=trediegangsfødende osv.",LPR/CPR,Ikke oplyst,1997 -
Placentavaegt,Placentavægt (gram),Placentavægt (gram),Heltal,LPR/CPR,Ikke oplyst,1997 -
Polyhydramnios,"Polyhydramnios, fødsel med for meget fostervand ","Polyhydramnios, fødsel med for meget fostervand ",SKS diagnosekode,LPR/CPR,Ikke oplyst,1997 -
Pprom,"Pprom, for tidlig vandafgang i svangerskab ","Pprom, for tidlig vandafgang i svangerskab ",ICD10 diagnosekode,LPR/CPR,Ikke oplyst,1997 - 
Praevia,"Praevia, forliggende moderkage","Praevia, forliggende moderkage",ICD10 diagnosekode,LPR/CPR,Ikke oplyst,1997 -
Prom,"Prom, for tidlig vandafgang i svangerskab","Prom, for tidlig vandafgang i svangerskab",ICD10 diagnosekode,LPR/CPR,Ikke oplyst,1997 -
Respiratorbeh_neonatalafdeling,Indlagt på neonatalafdeling og modtaget respirator ,Indlagt på neonatalafdeling og modtaget respirator ,"1: ja
0/missing: nej",LPR/CPR,Ikke oplyst,2001 -
Resultataffoedsel_moder,"Diagnose for resultat af fødsel, mors diagnose DZ37*","Diagnose for resultat af fødsel, mors diagnose DZ37*",ICD10 diagnosekode,LPR/CPR,Ikke oplyst,1997 -
Rygerstatus_moder,Rygeroplysning,Rygeroplysning,"1: Ja
0: Nej",LPR/CPR,Ikke oplyst,1997 -
Sengedage_beregnet_barn,Beregnet antal sengedage for barnets indlæggelse i forbindelse med fødslen,Beregnet antal sengedage for barnets indlæggelse i forbindelse med fødslen,Heltal,LPR/CPR,Ikke oplyst,1997 - 
Sengedage_beregnet_moder,Beregnet antal sengedage for morens indlæggelse i forbindelse med fødslen,Beregnet antal sengedage for morens indlæggelse i forbindelse med fødslen,Heltal,LPR/CPR,Ikke oplyst,1997 -
Sengedage_neonatalafdeling_barn,"Antal sengedage på neonatalafdeling, hvis barnet er overført (summen af sengedage på neonatal ophold. Der indgår data for børn overført, samme dag eller dagen efter fødsel, til en afdeling med speciale 80, og en aktionsdiagnose i kapitel P)","Antal sengedage på neonatalafdeling, hvis barnet er overført (summen af sengedage på neonatal ophold. Der indgår data for børn overført, samme dag eller dagen efter fødsel, til en afdeling med speciale 80, og en aktionsdiagnose i kapitel P)",Heltal,LPR/CPR,Ikke oplyst,1997 -
Sepsis_barn,Sepsis hos barnet ,Sepsis hos barnet ,ICD10 diagnosekode,LPR/CPR,Ikke oplyst,1997 - 
Skalp_blodproeve,"Skalpvenepunktur, måling af scalp-pH","Skalpvenepunktur, måling af scalp-pH",SKS behandlingskode,LPR/CPR,Ikke oplyst,1997 -
Suturcollum,Sutur af livmoderhalsen efter fødsel,Sutur af livmoderhalsen efter fødsel,SKS operationskode,LPR/CPR,Ikke oplyst,1997 -
Sygehus,Sygehuskode,Sygehuskode,Ikke oplyst,LPR/CPR,Ikke oplyst,1997 - 
Tang_forloesning,Forløsning med tang,Forløsning med tang,SKS operationskode,LPR/CPR,Ikke oplyst,1997 -
Tegn_paa_asphyxi,Tegn på asphyxi (iltmangel),Tegn på asphyxi (iltmangel),ICD10 diagnosekode,LPR/CPR,Ikke oplyst,1997 -
Tidligere_provokerede_aborter,Antal tidligere provokerede aborter,Antal tidligere provokerede aborter,Heltal,LPR/CPR,Ikke oplyst,2006 -
Tidligerefoedsler_i_danmark,Antal tidligere kejsersnit i Danmark,Antal tidligere kejsersnit i Danmark,Heltal,LPR/CPR,Ikke oplyst,1997 -
Tidligerekejsersnit_i_danmark,Antal tidligere fødsler i Danmark,Antal tidligere fødsler i Danmark,Heltal,LPR/CPR,Ikke oplyst,1997 -
Tidligerespontaneaborter,Antal tidligere spontane aborter,Antal tidligere spontane aborter,Heltal,LPR/CPR,Ikke oplyst,1997 -
Vaegt_barn,Barnets vægt (gram),Barnets vægt (gram),Heltal,LPR/CPR,Ikke oplyst,1997 - 
Vaegt_moder,Moderens vægt (gram),Moderens vægt (gram),Heltal,LPR/CPR,Ikke oplyst,2003 -
Vakuumekstraktion,"Vakuumekstraktion, forløsning med sugekop","Vakuumekstraktion, forløsning med sugekop",SKS operationskode,LPR/CPR,Ikke oplyst,1997 -
Accreta,,,,,,1997 - 
Fk_mfr,Foreignkey til kobling med PK_mfr i hovedtabellen,Foreignkey til kobling med PK_mfr i hovedtabellen,Ikke oplyst,LPR/CPR,Ikke oplyst,1997 -
skskode,sks-kode (diagnose),sks-kode (diagnose),Ikke oplyst,LPR/CPR,Ikke oplyst,1997 -
Kodetype,Kodetype (diagnosetype),Kodetype (diagnosetype),Ikke oplyst,LPR/CPR,Ikke oplyst,1997 -
Anaestesi_til_operation,,,,,,2000 - 
Fk_mfr,Foreignkey til kobling med PK_mfr i hovedtabellen,Foreignkey til kobling med PK_mfr i hovedtabellen,Ikke oplyst,LPR/CPR,Ikke oplyst,2000 -
skskode,sks-kode (anæstesi),sks-kode (anæstesi),Ikke oplyst,LPR/CPR,Ikke oplyst,2000 -
Kodetype,Kodetype,Kodetype,Ikke oplyst,LPR/CPR,Ikke oplyst,2000 -
Andre_foedselskomplikationer,,,,,,1997 - 
Fk_mfr,Foreignkey til kobling med PK_mfr i hovedtabellen,Foreignkey til kobling med PK_mfr i hovedtabellen,Ikke oplyst,LPR/CPR,Ikke oplyst,1997 -
skskode,sks-kode (diagnose),sks-kode (diagnose),Ikke oplyst,LPR/CPR,Ikke oplyst,1997 -
Kodetype,Kodetype (diagnosetype),Kodetype (diagnosetype),Ikke oplyst,LPR/CPR,Ikke oplyst,1997 -
Blodmaengde,,,,,,1997 - 
Fk_mfr,Foreignkey til kobling med PK_mfr i hovedtabellen,Foreignkey til kobling med PK_mfr i hovedtabellen,Ikke oplyst,LPR/CPR,Ikke oplyst,1997 -
skskode,sks-kode (diagnose),sks-kode (diagnose),Ikke oplyst,LPR/CPR,Ikke oplyst,1997 -
Kodetype,Kodetype,Kodetype,Ikke oplyst,LPR/CPR,Ikke oplyst,1997 -
Blodmaengde,Blodmængde,Blodmængde,Ikke oplyst,LPR/CPR,Ikke oplyst,2009 -
Bristning,,,,,,1997 - 
Fk_mfr,Foreignkey til kobling med PK_mfr i hovedtabellen,Foreignkey til kobling med PK_mfr i hovedtabellen,Ikke oplyst,LPR/CPR,Ikke oplyst,1997 -
skskode,sks-kode (diagnose),sks-kode (diagnose),Ikke oplyst,LPR/CPR,Ikke oplyst,1997 -
Kodetype,Kodetype (diagnosetype),Kodetype (diagnosetype),Ikke oplyst,LPR/CPR,Ikke oplyst,1997 -
Cardiomyopati,,,,,,1997 - 
Fk_mfr,Foreignkey til kobling med PK_mfr i hovedtabellen,Foreignkey til kobling med PK_mfr i hovedtabellen,Ikke oplyst,LPR/CPR,Ikke oplyst,1997 -
skskode,sks-kode (diagnose),sks-kode (diagnose),Ikke oplyst,LPR/CPR,Ikke oplyst,1997 -
Kodetype,Kodetype (diagnosetype),Kodetype (diagnosetype),Ikke oplyst,LPR/CPR,Ikke oplyst,1997 -
Graviditetskomplikation,,,,,,1997 - 
Fk_mfr,Foreignkey til kobling med PK_mfr i hovedtabellen,Foreignkey til kobling med PK_mfr i hovedtabellen,Ikke oplyst,LPR/CPR,Ikke oplyst,1997 -
skskode,sks-kode (diagnose),sks-kode (diagnose),Ikke oplyst,LPR/CPR,Ikke oplyst,1997 -
Kodetype,Kodetype (diagnosetype),Kodetype (diagnosetype),Ikke oplyst,LPR/CPR,Ikke oplyst,1997 -
Haemoperitoneum,,,,,,1997 - 
Fk_mfr,Foreignkey til kobling med PK_mfr i hovedtabellen,Foreignkey til kobling med PK_mfr i hovedtabellen,Ikke oplyst,LPR/CPR,Ikke oplyst,1997 -
skskode,sks-kode (diagnose),sks-kode (diagnose),Ikke oplyst,LPR/CPR,Ikke oplyst,1997 -
Kodetype,Kodetype (diagnosetype),Kodetype (diagnosetype),Ikke oplyst,LPR/CPR,Ikke oplyst,1997 -
Igangsaettelse,,,,,,1997 - 
Fk_mfr,Foreignkey til kobling med PK_mfr i hovedtabellen,Foreignkey til kobling med PK_mfr i hovedtabellen,Ikke oplyst,LPR/CPR,Ikke oplyst,1997 -
skskode,sks-kode (procedure),sks-kode (procedure),Ikke oplyst,LPR/CPR,Ikke oplyst,1997 -
Kodetype,Kodetype (proceduretype),Kodetype (proceduretype),Ikke oplyst,LPR/CPR,Ikke oplyst,1997 -
Infektioner,,,,,,1997 - 
Fk_mfr,Foreignkey til kobling med PK_mfr i hovedtabellen,Foreignkey til kobling med PK_mfr i hovedtabellen,Ikke oplyst,LPR/CPR,Ikke oplyst,1997 -
skskode,sks-kode (diagnose),sks-kode (diagnose),Ikke oplyst,LPR/CPR,Ikke oplyst,1997 -
Kodetype,Kodetype (diagnosetype),Kodetype (diagnosetype),Ikke oplyst,LPR/CPR,Ikke oplyst,1997 -
Kejsersnit,,,,,,1997 - 
Fk_mfr,Foreignkey til kobling med PK_mfr i hovedtabellen,Foreignkey til kobling med PK_mfr i hovedtabellen,Ikke oplyst,LPR/CPR,Ikke oplyst,1997 -
skskode,sks-kode (procedure),sks-kode (procedure),Ikke oplyst,LPR/CPR,Ikke oplyst,1997 -
Kodetype,Kodetype (proceduretype),Kodetype (proceduretype),Ikke oplyst,LPR/CPR,Ikke oplyst,1997 -
Medicinske_sygdomme,,,,,,1997 - 
Fk_mfr,Foreignkey til kobling med PK_mfr i hovedtabellen,Foreignkey til kobling med PK_mfr i hovedtabellen,Ikke oplyst,LPR/CPR,Ikke oplyst,1997 -
skskode,sks-kode (diagnose),sks-kode (diagnose),Ikke oplyst,LPR/CPR,Ikke oplyst,1997 -
Kodetype,Kodetype (diagnosetype),Kodetype (diagnosetype),Ikke oplyst,LPR/CPR,Ikke oplyst,1997 -
Misdannelser,,,,,,1997 - 
Fk_mfr,Foreignkey til kobling med PK_mfr i hovedtabellen,Foreignkey til kobling med PK_mfr i hovedtabellen,Ikke oplyst,LPR/CPR,Ikke oplyst,1997 -
skskode,sks-kode (diagnose),sks-kode (diagnose),Ikke oplyst,LPR/CPR,Ikke oplyst,1997 -
Kodetype,Kodetype (diagnosetype),Kodetype (diagnosetype),Ikke oplyst,LPR/CPR,Ikke oplyst,1997 -
Navlesnorsblod_analyse,,,,,,1999 - 
Fk_mfr,Foreignkey til kobling med PK_mfr i hovedtabellen,Foreignkey til kobling med PK_mfr i hovedtabellen,Ikke oplyst,LPR/CPR,Ikke oplyst,1999 -
skskode,sks-kode (procedure),sks-kode (procedure),Ikke oplyst,LPR/CPR,Ikke oplyst,1999 -
Kodetype,Kodetype (proceduretype),Kodetype (proceduretype),Ikke oplyst,LPR/CPR,Ikke oplyst,1999 -
Tillaegskode,sks-tilægskode (procedure),sks-tilægskode (procedure),Ikke oplyst,LPR/CPR,Ikke oplyst,1999 -
PH_vaerdi,PH-værdi,PH-værdi,Ikke oplyst,LPR/CPR,Ikke oplyst,2004 -
Base_excess,Base excess,Base excess,Ikke oplyst,LPR/CPR,Ikke oplyst,2004 -
Ruptur,,,,,,1997 - 
Fk_mfr,Foreignkey til kobling med PK_mfr i hovedtabellen,Foreignkey til kobling med PK_mfr i hovedtabellen,Ikke oplyst,LPR/CPR,Ikke oplyst,1997 -
skskode,sks-kode (diagnose og procedure),sks-kode (diagnose og procedure),Ikke oplyst,LPR/CPR,Ikke oplyst,1997 -
Kodetype,Kodetype (diagnosetype / proceduretype),Kodetype (diagnosetype / proceduretype),Ikke oplyst,LPR/CPR,Ikke oplyst,1997 -
Smertelindring,,,,,,1999 - 
Fk_mfr,Foreignkey til kobling med PK_mfr i hovedtabellen,Foreignkey til kobling med PK_mfr i hovedtabellen,Ikke oplyst,LPR/CPR,Ikke oplyst,1999 -
skskode,sks-kode (procedure),sks-kode (procedure),Ikke oplyst,LPR/CPR,Ikke oplyst,1999 -
Kodetype,Kodetype (proceduretype),Kodetype (proceduretype),Ikke oplyst,LPR/CPR,Ikke oplyst,1999 -
Ultralyd,,,,,,1999 - 
Fk_mfr,Foreignkey til kobling med PK_mfr i hovedtabellen,Foreignkey til kobling med PK_mfr i hovedtabellen,Ikke oplyst,LPR/CPR,Ikke oplyst,1999 -
skskode,sks-kode (procedure),sks-kode (procedure),Ikke oplyst,LPR/CPR,Ikke oplyst,1999 -
Vestimulation,,,,,,1999 - 
Fk_mfr,Foreignkey til kobling med PK_mfr i hovedtabellen,Foreignkey til kobling med PK_mfr i hovedtabellen,Ikke oplyst,LPR/CPR,Ikke oplyst,1999 -
skskode,sks-kode (procedure),sks-kode (procedure),Ikke oplyst,LPR/CPR,Ikke oplyst,1999 -
ydre_vending,,,,,,1997 - 
Fk_mfr,Foreignkey til kobling med PK_mfr i hovedtabellen,Foreignkey til kobling med PK_mfr i hovedtabellen,Ikke oplyst,LPR/CPR,Ikke oplyst,1997 -
skskode,sks-kode (procedure),sks-kode (procedure),Ikke oplyst,LPR/CPR,Ikke oplyst,1997 -
Kodetype,Kodetype (proceduretype),Kodetype (proceduretype),Ikke oplyst,LPR/CPR,Ikke oplyst,1997 -
Hjemmefoedsler_blanket,,,,,,2001 - 
FK_mfr,Foreignkey til kobling med PK_mfr i hovedtabellen,Foreignkey til kobling med PK_mfr i hovedtabellen,Ikke oplyst,Skemaindberetning til Sundhedsstyrelsen,Ikke oplyst,2001 -
Cpr_moder,Moders cpr-nummer,Moders cpr-nummer,Angives med alle 10 cifre (dd-mm-åå-lbnr.),Skemaindberetning til Sundhedsstyrelsen,Ikke oplyst,2001 -
FoedselsGyldig dato (DDMMYYYY),FødselsGyldig dato (DDMMYYYY),FødselsGyldig dato (DDMMYYYY),Gyldig dato (DDMMYYYY),Skemaindberetning til Sundhedsstyrelsen,Ikke oplyst,2001 -
Foedselsklokkeslaet,Fødselsklokkelset,Fødselsklokkelset,Heltal,Skemaindberetning til Sundhedsstyrelsen,Ikke oplyst,2001 -
Institution_intern,Fødselsinstitution,Fødselsinstitution,Ikke oplyst,Skemaindberetning til Sundhedsstyrelsen,Ikke oplyst,2001 -
Koen_barn,Barns køn,Barns køn,"1: dreng
2: pige",Skemaindberetning til Sundhedsstyrelsen,Ikke oplyst,2001 -
Levende_eller_doedfoedt,Indikator for hvorvidt barnet er levende eller dødfødt,Indikator for hvorvidt barnet er levende eller dødfødt,"Levendefødt
Dødfødt",Skemaindberetning til Sundhedsstyrelsen,Ikke oplyst,2001 -
Enkelt_eller_flerfoldsfoedsel,Indikator for hvorvidt der er tale om en flerfoldsfødsel eller en enkelt fødsel.,Indikator for hvorvidt der er tale om en flerfoldsfødsel eller en enkelt fødsel.,Ikke oplyst,Skemaindberetning til Sundhedsstyrelsen,Ikke oplyst,2001 -
Barnsnummer_flerfoldsfoedsel,Barnsnummer ved flerfoldsfødsel,Barnsnummer ved flerfoldsfødsel,"0: enkeltfødt                                                                                                                                            
1: 1. Tvilling                                                                                                                                           
2: 2. Tvilling                                                                                                                                           
3: 1. Trilling                                                                                                                                           
4: 2. Trilling                                                                                                                                           
5: 3. Trilling                                                                                                                                           
6: 1. Firling                                                                                                                                            
7: 2. Firling                                                                                                                                            
8: 3. Firling                                                                                                                                            
9: 4. Firling                                                                                                                                            ",Skemaindberetning til Sundhedsstyrelsen,Ikke oplyst,2001 -
Paritet,"Paritet, antal gennemførte graviditeter incl. dødsfødsler ved afslutningen af den aktuelle fødsel","Paritet, antal gennemførte graviditeter incl. dødsfødsler ved afslutningen af den aktuelle fødsel","1=førstegangsfødende
2=andengangsfødende
3=trediegangsfødende osv.",Skemaindberetning til Sundhedsstyrelsen,Ikke oplyst,2001 -
TerminsGyldig dato (DDMMYYYY),TerminsGyldig dato (DDMMYYYY),TerminsGyldig dato (DDMMYYYY),Gyldig dato (DDMMYYYY),Skemaindberetning til Sundhedsstyrelsen,Ikke oplyst,2001 -
Risikofaktorer,Risikoadfærd før fødsel,Risikoadfærd før fødsel,Ikke oplyst,Skemaindberetning til Sundhedsstyrelsen,Ikke oplyst,2001 -
Normal_graviditet,Indikator for ,Indikator for ,Ikke oplyst,Skemaindberetning til Sundhedsstyrelsen,Ikke oplyst,2001 -
Besoeghoslaege,Antal besøg hos læge,Antal besøg hos læge,Heltal,Skemaindberetning til Sundhedsstyrelsen,Ikke oplyst,2001 -
Besoeghosjordemoder,Antal besøg hos jordemoder,Antal besøg hos jordemoder,Heltal,Skemaindberetning til Sundhedsstyrelsen,Ikke oplyst,2001 -
Besoeghosspeciallaege,Antal besøg hos speciallæge,Antal besøg hos speciallæge,Heltal,Skemaindberetning til Sundhedsstyrelsen,Ikke oplyst,2001 -
Rygerstatus_moder,Rygeroplysning,Rygeroplysning,"1: Ja
0: Nej",Skemaindberetning til Sundhedsstyrelsen,Ikke oplyst,2001 -
Amnitomi_under_foedsel_hsp,"Hindesprængning - SKS operationskode, eller indikator for om der har fundet hindesprængning sted ","Hindesprængning - SKS operationskode, eller indikator for om der har fundet hindesprængning sted ","1= hindesprængning
0 og 1 er brugt ved hjemmefødsler",Skemaindberetning til Sundhedsstyrelsen,Ikke oplyst,2001 -
Episiotomi,"Episiotomi, klip i mellemkødet ","Episiotomi, klip i mellemkødet ","SKS operationskode
1=indgrebet har fundet sted
0 og 1 er brugt i forbindelse med hjemmefødsler",Skemaindberetning til Sundhedsstyrelsen,Ikke oplyst,2001 -
Indgreb,Eventuelle indgreb,Eventuelle indgreb,Ikke oplyst,Skemaindberetning til Sundhedsstyrelsen,Ikke oplyst,2001 -
Fosterpraesentation,"Fosterpræsentation, barnets hovedstilling","Fosterpræsentation, barnets hovedstilling",DUP-koder,Skemaindberetning til Sundhedsstyrelsen,Ikke oplyst,2001 -
Foedselskoder,Fødselskode,Fødselskode,Ikke oplyst,Skemaindberetning til Sundhedsstyrelsen,Ikke oplyst,2001 -
Vaegt_barn,Barnets vægt (g),Barnets vægt (g),Heltal,Skemaindberetning til Sundhedsstyrelsen,Ikke oplyst,2001 -
Laengde_barn,Barnets længde (cm),Barnets længde (cm),Heltal,Skemaindberetning til Sundhedsstyrelsen,Ikke oplyst,2001 -
Hovedomfang,Barnets hovedomfang (cm),Barnets hovedomfang (cm),Heltal,Skemaindberetning til Sundhedsstyrelsen,Ikke oplyst,2001 -
Placentavaegt,Placentas vægt (g),Placentas vægt (g),Heltal,Skemaindberetning til Sundhedsstyrelsen,Ikke oplyst,2001 -
Abdominalomfang,Barnets abdominalomfang (cm),Barnets abdominalomfang (cm),Heltal,Skemaindberetning til Sundhedsstyrelsen,Ikke oplyst,2001 -
Gestationsalder_uger,Gestationsalder i uger,Gestationsalder i uger,Heltal,Skemaindberetning til Sundhedsstyrelsen,Ikke oplyst,2001 -
Gestationsalder_dage_efter_uger,Gestationsalder i dage efter fulde uger,Gestationsalder i dage efter fulde uger,Heltal,Skemaindberetning til Sundhedsstyrelsen,Ikke oplyst,2001 -
Tegn_paa_asphxi,Tegn på asphyxi (iltmangel),Tegn på asphyxi (iltmangel),ICD10 diagnosekode,Skemaindberetning til Sundhedsstyrelsen,Ikke oplyst,2001 -
Apgarscore_efter5minutter,Apgar score efter 5 min,Apgar score efter 5 min,"talværdi mellem 0-10, missing og 99=uoplyst",Skemaindberetning til Sundhedsstyrelsen,Ikke oplyst,2001 -
Misdannelser,Misdannelser,Misdannelser,"1: Ja
0: Nej",Skemaindberetning til Sundhedsstyrelsen,Ikke oplyst,2001 -
Bemaerkning,Evt. Bemærkninger,Evt. Bemærkninger,Ikke oplyst,Skemaindberetning til Sundhedsstyrelsen,Ikke oplyst,2001 -
Doedsfoedsler_blanket,,,,,,2001 - 
FK_mfr,Foreignkey til kobling med PK_mfr i hovedtabellen,Foreignkey til kobling med PK_mfr i hovedtabellen,Ikke oplyst,Skemaindberetning til Sundhedsstyrelsen,Ikke oplyst,2001 -
Cpr_moder,Moders cpr-nummer,Moders cpr-nummer,Angives med alle 10 cifre (dd-mm-åå-lbnr.),Skemaindberetning til Sundhedsstyrelsen,Ikke oplyst,2001 -
FoedselsGyldig dato (DDMMYYYY),FødselsGyldig dato (DDMMYYYY),FødselsGyldig dato (DDMMYYYY),Gyldig dato (DDMMYYYY),Skemaindberetning til Sundhedsstyrelsen,Ikke oplyst,2001 -
Foedselsklokkeslaet,Fødselsklokkelset,Fødselsklokkelset,Heltal,Skemaindberetning til Sundhedsstyrelsen,Ikke oplyst,2001 -
Sygehus,Sygehus,Sygehus,Ikke,Skemaindberetning til Sundhedsstyrelsen,Ikke oplyst,2001 -
Koen_barn,Barns køn,Barns køn,"1: dreng
2: pige",Skemaindberetning til Sundhedsstyrelsen,Ikke oplyst,2001 -
Levende_eller_doedfoedt,Indikator for hvorvidt barnet er levende eller dødfødt,Indikator for hvorvidt barnet er levende eller dødfødt,"1: Ja
0: Nej",Skemaindberetning til Sundhedsstyrelsen,Ikke oplyst,2001 -
Barnsnummer_flerfoldsfoedsel,Barnsnummer ved flerfoldsfødsel,Barnsnummer ved flerfoldsfødsel,"0: enkeltfødt                                                                                                                                            
1: 1. Tvilling                                                                                                                                           
2: 2. Tvilling                                                                                                                                           
3: 1. Trilling                                                                                                                                           
4: 2. Trilling                                                                                                                                           
5: 3. Trilling                                                                                                                                           
6: 1. Firling                                                                                                                                            
7: 2. Firling                                                                                                                                            
8: 3. Firling                                                                                                                                            
9: 4. Firling                                                                                                                                            ",Skemaindberetning til Sundhedsstyrelsen,Ikke oplyst,2001 -
Cpr_fader,Faders cprnummer,Faders cprnummer,Angives med alle 10 cifre (dd-mm-åå-lbnr.),Skemaindberetning til Sundhedsstyrelsen,Ikke oplyst,2001 -
Fosterpraesentation,"Fosterpræsentation, barnets hovedstilling","Fosterpræsentation, barnets hovedstilling",DUP-koder,Skemaindberetning til Sundhedsstyrelsen,Ikke oplyst,2001 -
Vaegt_barn,Barnets vægt (g),Barnets vægt (g),Heltal,Skemaindberetning til Sundhedsstyrelsen,Ikke oplyst,2001 -
Laengde_barn,Barnets længde (cm),Barnets længde (cm),Heltal,Skemaindberetning til Sundhedsstyrelsen,Ikke oplyst,2001 -
Hovedomfang,Barnets hovedomfang (cm),Barnets hovedomfang (cm),Heltal,Skemaindberetning til Sundhedsstyrelsen,Ikke oplyst,2001 -
Placentavaegt,Placentas vægt (g),Placentas vægt (g),Heltal,Skemaindberetning til Sundhedsstyrelsen,Ikke oplyst,2001 -
Abdominalomfang,Barnets abdominalomfang (cm),Barnets abdominalomfang (cm),Heltal,Skemaindberetning til Sundhedsstyrelsen,Ikke oplyst,2001 -
Gestationsalder_uger,Gestationsalder i uger,Gestationsalder i uger,Heltal,Skemaindberetning til Sundhedsstyrelsen,Ikke oplyst,2001 -
Gestationsalder_dage_efter_uger,Gestationsalder i dage efter fulde uger,Gestationsalder i dage efter fulde uger,Heltal,Skemaindberetning til Sundhedsstyrelsen,Ikke oplyst,2001 -
Misdannelser,Misdannelser,Misdannelser,"1: Ja
0: Nej",Skemaindberetning til Sundhedsstyrelsen,Ikke oplyst,2001 -
Bemaerkning,Evt. Bemærkninger,Evt. Bemærkninger,Ikke oplyst,Skemaindberetning til Sundhedsstyrelsen,Ikke oplyst,2001 -
"COPENHAGEN  HEALHTECH CLUSTER
Nørregade  7B, 1165 København K, Danmark
cphhealthtech@copcap.com
",,,,,,
